<?xml version="1.0" encoding="UTF-8" standalone="yes"?>
<Items>
	<Item id="rough_tied_bracers" name="{=uEPRE33m}Rough Tied Bracers" mesh="bandit_3_wrist" culture="Culture.battania" weight="0.6" appearance="0.3" Type="HandArmor" difficulty="0">
		<ItemComponent>
			<Armor arm_armor="21" modifier_group="cloth" material_type="Cloth" covers_hands="false"/>
		</ItemComponent>
		<Flags Civilian="true"/>
	</Item>
	<Item id="armwraps" name="{=oEJnxsQ1}Armwraps" mesh="battania_armwraps_a" culture="Culture.battania" weight="0.2" appearance="0.3" Type="HandArmor" difficulty="0">
		<ItemComponent>
			<Armor arm_armor="22" modifier_group="cloth" material_type="Cloth"/>
		</ItemComponent>
		<Flags Civilian="true"/>
	</Item>
	<Item id="ragged_armwraps" name="{=jIwjYOVj}Ragged Armwraps" mesh="sneak_costume_hand" culture="Culture.battania" weight="0.4" appearance="0.3" Type="HandArmor" difficulty="0">
		<ItemComponent>
			<Armor arm_armor="22" modifier_group="cloth" material_type="Cloth" covers_hands="false"/>
		</ItemComponent>
		<Flags Civilian="true"/>
	</Item>
	<Item id="leather_gloves" name="{=lIJ1EVBh}Leather Gloves" mesh="crossbow_armor_hand" culture="Culture.vlandia" weight="0.4" appearance="1" Type="HandArmor">
		<ItemComponent>
			<Armor arm_armor="24" modifier_group="leather" material_type="Leather" covers_hands="true"/>
		</ItemComponent>
		<Flags Civilian="true"/>
	</Item>
	<Item id="buttoned_leather_bracers" name="{=iD0ePqi7}Buttoned Leather Bracers" mesh="bandit_leather_wristbands" culture="Culture.battania" weight="0.5" appearance="1" Type="HandArmor">
		<ItemComponent>
			<Armor arm_armor="24" modifier_group="leather" material_type="Leather" covers_hands="false"/>
		</ItemComponent>
		<Flags Civilian="true"/>
	</Item>
	<Item id="roughtied_leather_bracers" name="{=e4lKZhgv}Roughtied Leather Bracers" mesh="sea_raider_leather_wristband" culture="Culture.battania" weight="0.5" appearance="1" Type="HandArmor" difficulty="0">
		<ItemComponent>
			<Armor arm_armor="24" modifier_group="leather" material_type="Leather" covers_hands="false"/>
		</ItemComponent>
		<Flags Civilian="true"/>
	</Item>
	<Item id="eastern_wrapped_armguards" name="{=OEyuUWji}Eastern Wrapped Armguards" mesh="plated_leather_armor_glove_a" culture="Culture.khuzait" weight="0.3" appearance="1" Type="HandArmor">
		<ItemComponent>
			<Armor arm_armor="25" modifier_group="cloth" material_type="Cloth" covers_hands="false"/>
		</ItemComponent>
		<Flags Civilian="true"/>
	</Item>
	<Item id="guarded_armwraps" name="{=a1BGHdaU}Guarded Armwraps" mesh="battania_armwraps_b" culture="Culture.battania" weight="0.4" appearance="0.4" Type="HandArmor">
		<ItemComponent>
			<Armor arm_armor="25" modifier_group="cloth" material_type="Cloth"/>
		</ItemComponent>
		<Flags Civilian="true"/>
	</Item>
	<Item id="studded_vambraces" name="{=8uBew3nD}Studded Vambraces" mesh="bandit_1_wristband" culture="Culture.khuzait" weight="0.7" appearance="1" Type="HandArmor" difficulty="0">
		<ItemComponent>
			<Armor arm_armor="25" modifier_group="leather" material_type="Leather" covers_hands="false"/>
		</ItemComponent>
		<Flags/>
	</Item>
	<Item id="strapped_leather_bracers" name="{=DOYS7dmq}Strapped Leather Bracers" mesh="bandit_10_wristband" culture="Culture.battania" weight="0.5" appearance="0.4" Type="HandArmor">
		<ItemComponent>
			<Armor arm_armor="25" modifier_group="leather" material_type="Leather" covers_hands="false"/>
		</ItemComponent>
		<Flags Civilian="true"/>
	</Item>
	<Item id="padded_vambrace" name="{=MamotK0a}Padded Vambrace" mesh="padded_vambrace_a" culture="Culture.vlandia" weight="0.1" appearance="1" Type="HandArmor" difficulty="0">
		<ItemComponent>
			<Armor arm_armor="26" modifier_group="cloth" material_type="Cloth"/>
		</ItemComponent>
		<Flags/>
	</Item>
	<Item id="woven_leather_bracers" name="{=fUmehyHq}Woven Leather Bracers" mesh="vlandia_leather_stripes_bracers" culture="Culture.empire" weight="0.8" appearance="1" Type="HandArmor">
		<ItemComponent>
			<Armor arm_armor="26" modifier_group="leather" material_type="Leather" covers_hands="false"/>
		</ItemComponent>
		<Flags/>
	</Item>
	<Item id="guarded_padded_vambrace" name="{=whvMZZba}Guarded Padded Vambrace" mesh="padded_vambrace_a_handguard" culture="Culture.aserai" weight="0.6" appearance="1" Type="HandArmor" difficulty="0">
		<ItemComponent>
			<Armor arm_armor="29" modifier_group="cloth" material_type="Cloth"/>
		</ItemComponent>
		<Flags Civilian="true"/>
	</Item>
	<Item id="highland_gloves" name="{=i8S2PJB4}Highland Gloves" mesh="pict_armor_glove" culture="Culture.battania" weight="0.8" appearance="1" Type="HandArmor" difficulty="0">
		<ItemComponent>
			<Armor arm_armor="30" modifier_group="leather" material_type="Leather" covers_hands="true"/>
		</ItemComponent>
		<Flags Civilian="true"/>
	</Item>
	<Item id="padded_mitten" name="{=J3YHMkL3}Padded Mittens" mesh="padded_vambrace_a_mitten" culture="Culture.empire" weight="0.6" appearance="1" Type="HandArmor" difficulty="0">
		<ItemComponent>
			<Armor arm_armor="31" modifier_group="cloth" material_type="Cloth" covers_hands="true"/>
		</ItemComponent>
		<Flags Civilian="true"/>
	</Item>
	<Item id="studded_leather_vambraces" name="{=bxa4JHlU}Studded Leather Vambraces" mesh="crossbow_armor_leather_hand_a" culture="Culture.khuzait" weight="0.9" appearance="1" Type="HandArmor">
		<ItemComponent>
			<Armor arm_armor="32" modifier_group="leather" material_type="Leather" covers_hands="false"/>
		</ItemComponent>
		<Flags/>
	</Item>
	<Item id="steppe_leather_vambraces" name="{=GcFAmAaR}Eastern Leather Vambraces" mesh="khuzait_leather_armor_hand" culture="Culture.khuzait" weight="0.5" appearance="1" Type="HandArmor">
		<ItemComponent>
			<Armor arm_armor="32" modifier_group="leather" material_type="Leather" covers_hands="false"/>
		</ItemComponent>
		<Flags Civilian="true"/>
	</Item>
	<Item id="lordly_padded_mitten" name="{=t01v8qW7}Lordly Padded Mittens" mesh="padded_vambrace_a_lordly" culture="Culture.empire" weight="1.3" appearance="0.7" Type="HandArmor" difficulty="0">
		<ItemComponent>
			<Armor arm_armor="32" modifier_group="cloth" material_type="Cloth" covers_hands="true"/>
		</ItemComponent>
		<Flags/>
	</Item>
	<Item id="reinforced_padded_mitten" name="{=PLtQdf23}Reinforced Padded Mittens" mesh="padded_vambrace_a_reinforced" culture="Culture.empire" weight="0.9" appearance="2" Type="HandArmor" difficulty="0">
		<ItemComponent>
			<Armor arm_armor="37" modifier_group="cloth" material_type="Cloth" covers_hands="true"/>
		</ItemComponent>
		<Flags/>
	</Item>
	<Item id="battania_noble_bracers" name="{=gSaKwztg}Highland Noble Bracers" mesh="battania_noble_bracers" culture="Culture.battania" weight="0.6" appearance="3" Type="HandArmor" difficulty="0">
		<ItemComponent>
			<Armor arm_armor="39" modifier_group="leather" material_type="Leather" covers_hands="true"/>
		</ItemComponent>
		<Flags Civilian="true"/>
	</Item>
	<Item id="reinforced_leather_vambraces" name="{=CXnhFf1t}Reinforced Leather Vambraces" mesh="crossbow_armor_leather_hand_b" culture="Culture.vlandia" weight="1" appearance="2" Type="HandArmor">
		<ItemComponent>
			<Armor arm_armor="40" modifier_group="plate" material_type="Plate" covers_hands="false"/>
		</ItemComponent>
		<Flags/>
	</Item>
	<Item id="northern_brass_bracers" name="{=UWPEu577}Northern Brass Bracers" mesh="sturgia_leather_brass_bracer" culture="Culture.sturgia" weight="1.3" appearance="1.6" Type="HandArmor">
		<ItemComponent>
			<Armor arm_armor="41" modifier_group="plate" material_type="Plate" covers_hands="false"/>
		</ItemComponent>
		<Flags Civilian="true"/>
	</Item>
	<Item id="plated_strip_gauntlets" name="{=Gs2f3aeh}Plated Striped Gauntlets" mesh="empire_plated_gauntlets" culture="Culture.empire" weight="1.4" appearance="1.3" Type="HandArmor">
		<ItemComponent>
			<Armor arm_armor="42" modifier_group="plate" material_type="Plate" covers_hands="false"/>
		</ItemComponent>
		<Flags/>
	</Item>
	<Item id="eastern_plated_leather_vambraces" name="{=jLkVVTJh}Eastern Plated Leather Vambraces" mesh="plated_leather_armor_glove_b" culture="Culture.khuzait" weight="1.7" appearance="1" Type="HandArmor">
		<ItemComponent>
			<Armor arm_armor="44" modifier_group="plate" material_type="Plate" covers_hands="false"/>
		</ItemComponent>
		<Flags/>
	</Item>
	<Item id="mail_mitten" name="{=g51zVsKU}Mail Mitten" mesh="mail_mitten_c" culture="Culture.vlandia" weight="1.4" appearance="1.6" Type="HandArmor" difficulty="0">
		<ItemComponent>
			<Armor arm_armor="45" modifier_group="chain" material_type="Chainmail" covers_hands="true"/>
		</ItemComponent>
		<Flags/>
	</Item>
	<Item id="reinforced_mail_mitten" name="{=dPQGxmJ7}Reinforced Mail Mitten" mesh="mail_mitten_b" culture="Culture.vlandia" weight="1.6" appearance="3" Type="HandArmor" difficulty="0">
		<ItemComponent>
			<Armor arm_armor="48" modifier_group="chain" material_type="Chainmail" covers_hands="true"/>
		</ItemComponent>
		<Flags/>
	</Item>
	<Item id="battania_warlord_bracers" name="{=brLFIN46}Highland Warlord Bracers" mesh="battania_warlord_bracers" culture="Culture.battania" weight="1.5" appearance="3" Type="HandArmor">
		<ItemComponent>
			<Armor arm_armor="50" modifier_group="plate" material_type="Plate" covers_hands="true"/>
		</ItemComponent>
		<Flags/>
	</Item>
	<Item id="decorated_imperial_gauntlets" name="{=2XEbqNQz}Decorated Imperial Gauntlets" mesh="empire_plate_armor_gauntlets" culture="Culture.empire" weight="1.5" appearance="3" Type="HandArmor">
		<ItemComponent>
			<Armor arm_armor="50" modifier_group="plate" material_type="Plate" covers_hands="true"/>
		</ItemComponent>
		<Flags Civilian="true"/>
	</Item>
	<Item id="northern_plated_gloves" name="{=vNNMGllv}Northern Plated Gloves" mesh="sturgia_plate_gauntlet" culture="Culture.sturgia" weight="1.5" appearance="2" Type="HandArmor">
		<ItemComponent>
			<Armor arm_armor="56" modifier_group="plate" material_type="Plate" covers_hands="true"/>
		</ItemComponent>
		<Flags/>
	</Item>
	<Item id="lordly_mail_mitten" name="{=VDMkVMxt}Heavy Mail Mittens" mesh="mail_mitten_a" culture="Culture.vlandia" weight="1.7" appearance="3" Type="HandArmor">
		<ItemComponent>
			<Armor arm_armor="60" modifier_group="chain" material_type="Chainmail" covers_hands="true"/>
		</ItemComponent>
		<Flags/>
	</Item>
	<Item id="lamellar_plate_gauntlets" name="{=XGX6DbFL}Lamellar Plate Gauntlets" mesh="imperial_gauntlets" culture="Culture.empire" weight="1.8" appearance="3" Type="HandArmor">
		<ItemComponent>
			<Armor arm_armor="63" modifier_group="plate" material_type="Plate" covers_hands="true"/>
		</ItemComponent>
		<Flags/>
	</Item>
</Items>