<base>
	<item_holsters>
		<item_holster id="left_forearm_shield" equip_action="act_equip_shield" equip_action_left_stance="act_equip_shield_left_stance" unequip_action="act_unequip_shield" unequip_action_left_stance="act_unequip_shield_left_stance" show_holster_when_drawn="false" group_name="left_forearm" holster_skeleton="holster_skeleton" holster_bone="biped_forearm1_l" holster_position="0.02, 0.000, 0.05" holster_rotation_yaw_pitch_roll="-17.000, 20.000, 20.000"/>
		<item_holster id="passive_block_kite" equip_action="act_equip_shield" equip_action_left_stance="act_equip_shield_left_stance" unequip_action="act_unequip_shield" unequip_action_left_stance="act_unequip_shield_left_stance" show_holster_when_drawn="false" group_name="left_forearm" holster_skeleton="holster_skeleton" holster_bone="biped_forearm1_l" holster_position="0.05, 0.06, 0.00" holster_rotation_yaw_pitch_roll="0.000, 10.000, 40.000"/>
		<item_holster id="passive_block_round" equip_action="act_equip_shield" equip_action_left_stance="act_equip_shield_left_stance" unequip_action="act_unequip_shield" unequip_action_left_stance="act_unequip_shield_left_stance" show_holster_when_drawn="false" group_name="left_finger" holster_skeleton="holster_skeleton" holster_bone="biped_item_l" holster_position="0.0, 0.000, 0.0" holster_rotation_yaw_pitch_roll="15.000, 90.000, 170.000"/>
		<item_holster id="left_shoulder_shield_experiment1" equip_action="act_equip_shield" equip_action_left_stance="act_equip_shield_left_stance" unequip_action="act_unequip_shield" unequip_action_left_stance="act_unequip_shield_left_stance" show_holster_when_drawn="false" group_name="back_top" holster_skeleton="holster_skeleton_back" base_set="thorax_back_far" holster_position="-0.100, -0.050, 0.250" holster_rotation_yaw_pitch_roll="0.000, -30.000, 90.000"/>
		<item_holster id="left_shoulder_shield" equip_action="act_equip_shield" equip_action_left_stance="act_equip_shield_left_stance" unequip_action="act_unequip_shield" unequip_action_left_stance="act_unequip_shield_left_stance" show_holster_when_drawn="false" group_name="left_forearm" holster_skeleton="holster_skeleton" holster_bone="biped_upperarm_l" holster_position="0.25, 0.0, 0.1" holster_rotation_yaw_pitch_roll="10, -10, -105"/>		
		<item_holster id="left_shoulder_targe" equip_action="act_equip_shield" equip_action_left_stance="act_equip_shield_left_stance" unequip_action="act_unequip_shield" unequip_action_left_stance="act_unequip_shield_left_stance" show_holster_when_drawn="false" group_name="left_forearm" holster_skeleton="holster_skeleton" holster_bone="biped_upperarm_l" holster_position="0.20, 0.0, 0.05" holster_rotation_yaw_pitch_roll="-30, 0, 0"/>
		<item_holster id="pavise" equip_action="act_equip_shield" equip_action_left_stance="act_equip_shield_left_stance" unequip_action="act_unequip_shield" unequip_action_left_stance="act_unequip_shield_left_stance" show_holster_when_drawn="false" group_name="left_forearm" holster_skeleton="holster_skeleton" holster_bone="biped_upperarm_l" holster_position="0.25, 0.0, 0.25" holster_rotation_yaw_pitch_roll="10, 0, -105"/>		
	</item_holsters>
</base>