<?xml version="1.0" encoding="utf-8"?>
<Items>
  <!-- #endregion Horse Armors -->
  <Item multiplayer_item="false"
        id="bandit_saddle_desert"
        name="{=dLLD8bVX}Rugged Desert Saddle"
        mesh="bandit_saddle_desert"
        subtype="body_armor"
        weight="7"
        difficulty="0"
        appearance="1"
        Type="HorseHarness">
    <ItemComponent>
      <Armor body_armor="6"
	         head_armor="5"
			 arm_armor="5"
	         leg_armor="0"
             mane_cover_type="none"
             family_type="1"
             modifier_group="cloth"
             material_type="Cloth" />
    </ItemComponent>
    <Flags Civilian="true" />
    <Flags />
  </Item>
  <Item multiplayer_item="false"
        id="bandit_saddle_steppe"
        name="{=p2jR7Urm}Rugged Saddle"
        mesh="bandit_saddle_a"
        subtype="body_armor"
        weight="5"
        difficulty="0"
        appearance="1"
        Type="HorseHarness">
    <ItemComponent>
      <Armor body_armor="5"
	         head_armor="5"
			 arm_armor="5"
	         leg_armor="0"
             mane_cover_type="none"
             family_type="1"
             modifier_group="cloth"
             material_type="Cloth" />
    </ItemComponent>
    <Flags Civilian="true" />
  </Item>
  <Item multiplayer_item="false"
        id="bandit_saddle_highland"
        name="{=ZFde57gC}Rugged Highland Saddle"
        mesh="bandit_saddle_highland"
        subtype="body_armor"
        weight="8"
        difficulty="0"
        appearance="1"
        Type="HorseHarness">
    <ItemComponent>
      <Armor body_armor="5"
	         head_armor="5"
			 arm_armor="5"
	         leg_armor="0"
             mane_cover_type="none"
             family_type="1"
             modifier_group="cloth"
             material_type="Cloth" />
    </ItemComponent>
    <Flags Civilian="true" />
  </Item>
  <Item id="light_harness"
        name="{=O37kzdXO}Light Harness"
        mesh="horse_harness_b"
        weight="5"
        appearance="1"
        Type="HorseHarness"
		culture="Culture.vlandia">
    <ItemComponent>
      <Armor body_armor="5"
	         head_armor="5"
			 arm_armor="5"
	         leg_armor="0"
             mane_cover_type="none"
             maneuver_bonus="0"
             speed_bonus="0"
             charge_bonus="0"
             family_type="1"
             modifier_group="leather"
             material_type="Leather" />
    </ItemComponent>
    <Flags Civilian="true" />
  </Item>
  <Item id="halfchain_barding"
        name="{=Yms2FQ7g}Halfchain Barding"
        mesh="horse_harness_vlandia_b_clotest"
        weight="16"
        appearance="0.6"
        Type="HorseHarness"
		culture="Culture.vlandia">
    <ItemComponent>
      <Armor body_armor="40"
	         head_armor="60"
			 arm_armor="50"
	         leg_armor="25"
             mane_cover_type="all"
             maneuver_bonus="0"
             speed_bonus="0"
             reins_mesh="horse_harness_vlandia_b_rein"
             charge_bonus="0"
             family_type="1"
             modifier_group="chain"
             material_type="Chainmail" />
    </ItemComponent>
    <Flags Civilian="true" />
  </Item>
  <Item id="chain_barding"
        name="{=aHQCG5Tn}Chain Barding"
        mesh="horse_harness_vlandia_a_clotest"
        weight="26"
        appearance="0.5"
        Type="HorseHarness"
		culture="Culture.vlandia">
    <ItemComponent>
      <Armor body_armor="40"
	         head_armor="90"
			 arm_armor="50"
	         leg_armor="40"
             mane_cover_type="all"
             maneuver_bonus="0"
             speed_bonus="0"
             reins_mesh="horse_harness_vlandia_a_rein"
             charge_bonus="0"
             family_type="1"
             modifier_group="chain"
             material_type="Chainmail" />
    </ItemComponent>
    <Flags Civilian="true" />
  </Item>
  <Item multiplayer_item="false"
        id="chain_horse_harness"
        name="{=GTWUtUFj}Chain Horse Harness"
        mesh="horse_harness_e"
        subtype="body_armor"
        weight="24"
        difficulty="0"
        appearance="0.6"
        Type="HorseHarness"
		culture="Culture.vlandia">
    <ItemComponent>
      <Armor body_armor="40"
	         head_armor="50"
			 arm_armor="50"
	         leg_armor="40"
             hair_cover_type="all"
             covers_head="true"
             mane_cover_type="all"
             maneuver_bonus="0"
             speed_bonus="0"
             charge_bonus="0"
             family_type="1"
             modifier_group="chain"
             reins_mesh="horse_harness_e_rein"
             material_type="Chainmail" />
    </ItemComponent>
    <Flags Civilian="true" />
  </Item>
  <Item multiplayer_item="false"
        id="stripped_leather_harness"
        name="{=Yh7Dorsr}Striped Leather Harness"
        mesh="horse_harness_imperial_a_clotest"
        subtype="body_armor"
        weight="17"
        difficulty="0"
        appearance="1"
        Type="HorseHarness"
		culture="Culture.empire">
    <ItemComponent>
      <Armor body_armor="5"
	         head_armor="10"
			 arm_armor="10"
	         leg_armor="5"
             mane_cover_type="none"
             family_type="1"
             modifier_group="leather"
             reins_mesh="horse_harness_imperial_a_rein"
             material_type="Leather" />
    </ItemComponent>
    <Flags Civilian="true" />
  </Item>
  <Item id="imperial_riding_harness"
        name="{=NUmDuEqI}Imperial Riding Harness"
        mesh="horse_harness_a_new"
        weight="6"
        appearance="1"
        Type="HorseHarness"
		culture="Culture.empire">
    <ItemComponent>
      <Armor body_armor="8"
	         head_armor="5"
			 arm_armor="5"
	         leg_armor="3"
             mane_cover_type="none"
             family_type="1"
             modifier_group="leather"
			 reins_mesh="horse_harness_a_new_rein"
             material_type="Leather" />
    </ItemComponent>
    <Flags Civilian="true" />
  </Item>
  <Item multiplayer_item="false"
        id="half_scale_barding"
        name="{=CgG2aRyh}Half Scale Barding"
        mesh="horse_harness_imperial_c_clotest"
        subtype="body_armor"
        weight="17"
        difficulty="0"
        appearance="0.5"
        Type="HorseHarness"
		culture="Culture.empire">
    <ItemComponent>
      <Armor body_armor="50"
	         head_armor="90"
			 arm_armor="60"
	         leg_armor="5"
             mane_cover_type="all"
             family_type="1"
             modifier_group="chain"
             reins_mesh="horse_harness_imperial_c_rein"
             material_type="Chainmail" />
    </ItemComponent>
    <Flags Civilian="true" />
  </Item>
  <Item multiplayer_item="false"
        id="imperial_scale_barding"
        name="{=zmEnxUpL}Imperial Scale Barding"
        mesh="horse_harness_imperial_b_clotest"
        subtype="body_armor"
        weight="30"
        difficulty="0"
        appearance="0.5"
        Type="HorseHarness"
		culture="Culture.empire">
    <ItemComponent>
      <Armor body_armor="50"
	         head_armor="90"
			 arm_armor="60"
	         leg_armor="50"
             mane_cover_type="all"
             family_type="1"
             modifier_group="chain"
             reins_mesh="horse_harness_imperial_b_rein"
             material_type="Chainmail"/>
    </ItemComponent>
    <Flags Civilian="true" />
  </Item>
  <Item multiplayer_item="false"
        id="studded_steppe_barding"
        name="{=lspv3mUE}Studded Steppe Barding"
        mesh="horse_harness_khuzait_c_clotest"
        subtype="body_armor"
        weight="23"
        difficulty="0"
        appearance="0.6"
        Type="HorseHarness"
		culture="Culture.khuzait">
    <ItemComponent>
      <Armor body_armor="35"
	         head_armor="55"
			 arm_armor="45"
	         leg_armor="25"
             mane_cover_type="all"
             family_type="1"
             modifier_group="chain"
             reins_mesh="horse_harness_khuzait_c_rein"
             material_type="Chainmail" />
    </ItemComponent>
    <Flags Civilian="true" />
  </Item>
  <Item multiplayer_item="false"
        id="desert_cloth_harness"
        name="{=2Q0m5CG0}Desert Cloth Harness"
        mesh="horse_harness_aserai_a_clotest"
        subtype="body_armor"
        weight="7.3"
        difficulty="0"
        appearance="1"
        Type="HorseHarness"
		culture="Culture.aserai">
    <ItemComponent>
      <Armor body_armor="8"
	         head_armor="5"
			 arm_armor="5"
	         leg_armor="5"
             mane_cover_type="none"
             reins_mesh="horse_harness_aserai_a_rein"
             family_type="1"
             modifier_group="cloth"
             material_type="Cloth" />
    </ItemComponent>
    <Flags Civilian="true" />
  </Item>
  <Item multiplayer_item="false"
        id="aseran_village_harness"
        name="{=AloILntx}Southern Common Harness"
        mesh="horse_harness_aserai_b_clotest"
        subtype="body_armor"
        weight="6.1"
        difficulty="0"
        appearance="1"
        Type="HorseHarness"
		culture="Culture.aserai">
    <ItemComponent>
      <Armor body_armor="8"
	         head_armor="5"
			 arm_armor="5"
	         leg_armor="5"
             mane_cover_type="none"
             family_type="1"
             modifier_group="cloth"
             reins_mesh="horse_harness_aserai_b_rein"
             material_type="Cloth" />
    </ItemComponent>
    <Flags Civilian="true" />
  </Item>
  <Item multiplayer_item="false"
        id="half_mail_and_plate_barding"
        name="{=hCBCLp0e}Half Mail And Plate Barding"
        mesh="horse_harness_aserai_d_clotest"
        subtype="body_armor"
        weight="16"
        difficulty="0"
        appearance="0.6"
        Type="HorseHarness"
		culture="Culture.aserai">
    <ItemComponent>
      <Armor body_armor="47"
	         head_armor="90"
			 arm_armor="57"
	         leg_armor="5"
             mane_cover_type="all"
             family_type="1"
             modifier_group="plate"
             reins_mesh="horse_harness_aserai_d_rein"
             material_type="Plate" />
    </ItemComponent>
    <Flags Civilian="true" />
  </Item>
  <Item multiplayer_item="false"
        id="mail_and_plate_barding"
        name="{=gKhpLiyg}Mail And Plate Barding"
        mesh="horse_harness_aserai_c_clotest"
        subtype="body_armor"
        weight="26.8"
        difficulty="0"
        appearance="0.4"
        Type="HorseHarness"
		culture="Culture.aserai">
    <ItemComponent>
      <Armor body_armor="47"
	         head_armor="90"
			 arm_armor="57"
	         leg_armor="47"
             mane_cover_type="all"
             family_type="1"
             modifier_group="plate"
             reins_mesh="horse_harness_aserai_c_rein"
             material_type="Plate" />
    </ItemComponent>
    <Flags Civilian="true" />
  </Item>
  <Item multiplayer_item="false"
        id="steppe_harness"
        name="{=vw9qbiER}Steppe Harness"
        mesh="horse_harness_khuzait_b_clotest"
        subtype="body_armor"
        weight="8.5"
        difficulty="0"
        appearance="1"
        Type="HorseHarness"
		culture="Culture.khuzait">
    <ItemComponent>
      <Armor body_armor="0"
	         head_armor="5"
			 arm_armor="5"
	         leg_armor="0"
             mane_cover_type="none"
             family_type="1"
             modifier_group="chain"
             reins_mesh="horse_harness_khuzait_b_rein"
             material_type="Chainmail" />
    </ItemComponent>
    <Flags Civilian="true" />
  </Item>
  <Item multiplayer_item="false"
        id="steppe_fur_harness"
        name="{=EfRKaKs0}Steppe Fur Harness"
        mesh="horse_harness_khuzait_a_clotest"
        subtype="body_armor"
        weight="8.2"
        difficulty="0"
        appearance="1"
        Type="HorseHarness"
		culture="Culture.khuzait">
    <ItemComponent>
      <Armor body_armor="0"
	         head_armor="5"
			 arm_armor="5"
	         leg_armor="0"
             mane_cover_type="none"
             family_type="1"
             modifier_group="chain"
             reins_mesh="horse_harness_khuzait_a_rein"
             material_type="Chainmail" />
    </ItemComponent>
    <Flags Civilian="true" />
  </Item>
  <Item multiplayer_item="false"
        id="steppe_half_barding"
        name="{=0rzKQbWy}Steppe Half Barding"
        mesh="horse_harness_khuzait_d_clotest"
        subtype="body_armor"
        weight="11"
        difficulty="0"
        appearance="1"
        Type="HorseHarness"
		culture="Culture.khuzait">
    <ItemComponent>
      <Armor body_armor="35"
	         head_armor="55"
			 arm_armor="45"
	         leg_armor="10"
             mane_cover_type="all"
             family_type="1"
             modifier_group="chain"
             reins_mesh="horse_harness_khuzait_d_rein"
             material_type="Chainmail" />
    </ItemComponent>
    <Flags Civilian="true" />
  </Item>
  <!--<Item multiplayer_item="false" id="studded_steppe_barding" name="Studded Steppe Barding" modifier_group="chain" mesh="horse_harness_khuzait_c" subtype="body_armor" value="6409" weight="65" difficulty="0">
    <ItemComponent>
      <Armor body_armor="45" mane_cover_type="all" />
    </ItemComponent>
    <flags>
      <flag name="type" value="HorseHarness" />
    </flags>
  </Item>-->
  <Item id="northern_light_harness"
        name="{=8Oi89KRn}Northern Light Harness"
        mesh="horse_harness_roman_b_new"
        weight="7.2"
        appearance="1"
         Type="HorseHarness"
		 culture="Culture.sturgia">
    <ItemComponent>
      <Armor body_armor="10"
	         head_armor="20"
			 arm_armor="8"
	         leg_armor="8"
             mane_cover_type="none"
             family_type="1"
             modifier_group="leather"
			 reins_mesh="horse_harness_roman_b_new_rein"
             material_type="Leather"/>
    </ItemComponent>
    <Flags Civilian="true" />
  </Item>
  <Item id="northern_noble_harness"
        name="{=LWbJKKK1}Northern Noble Harness"
        mesh="horse_harness_sturgia_b_clotest"
        weight="8.9"
        appearance="1"
       Type="HorseHarness"
	   culture="Culture.sturgia">
    <ItemComponent>
      <Armor body_armor="5"
	         head_armor="8"
			 arm_armor="8"
	         leg_armor="5"
             mane_cover_type="none"
             family_type="1"
             modifier_group="leather"
             reins_mesh="horse_harness_sturgia_b_rein"
             material_type="Leather"/>
    </ItemComponent>
    <Flags Civilian="true" />
  </Item>
  <Item id="northern_ring_barding"
        name="{=ZjAZNjvu}Northern Ring Barding"
        mesh="horse_harness_sturgia_a_clotest"
        weight="15.2"
        appearance="0.9"
        Type="HorseHarness"
		culture="Culture.sturgia">
    <ItemComponent>
      <Armor body_armor="35"
	         head_armor="45"
			 arm_armor="45"
	         leg_armor="5"
             mane_cover_type="all"
             family_type="1"
             modifier_group="chain"
             reins_mesh="horse_harness_sturgia_a_rein"
             material_type="Chainmail" />
    </ItemComponent>
    <Flags Civilian="true" />
  </Item>
  <Item id="battania_horse_harness"
        name="{=33aaUcaX}Battania Horse Harness"
        mesh="battania_horse_harness"
        weight="10.3"
        appearance="1"
        Type="HorseHarness"
		culture="Culture.battania">
    <ItemComponent>
      <Armor body_armor="15"
	         head_armor="10"
			 arm_armor="10"
	         leg_armor="10"
             mane_cover_type="none"
             family_type="1"
             modifier_group="leather"
             material_type="Leather" />
    </ItemComponent>
    <Flags Civilian="true" />
  </Item>
  <Item id="battania_horse_harness_halfscaled"
        name="{=85q9uY76}Highland Half Scaled Harness"
        mesh="battania_horse_harness_halfscaled"
        weight="15"
        appearance="1"
        Type="HorseHarness"
		culture="Culture.battania">
    <ItemComponent>
      <Armor body_armor="35"
	         head_armor="50"
			 arm_armor="45"
	         leg_armor="20"
             mane_cover_type="all"
             family_type="1"
             modifier_group="chain"
             material_type="Chainmail" />
    </ItemComponent>
    <Flags Civilian="true" />
  </Item>
  <Item id="battania_horse_harness_scaled"
        name="{=DbNdyJgQ}Highland Scaled Harness"
        mesh="battania_horse_harness_scaled"
        weight="20.6"
        appearance="0.65"
        Type="HorseHarness"
		culture="Culture.battania">
    <ItemComponent>
      <Armor body_armor="35"
	         head_armor="50"
			 arm_armor="45"
	         leg_armor="30"
             mane_cover_type="all"
             family_type="1"
             modifier_group="chain"
             material_type="Chainmail" />
    </ItemComponent>
    <Flags Civilian="true" />
  </Item>
  <!-- #endregion -->
    <Item id="fortunas_choice"
        name="{=vRIpgxhi}Fortunas Choice"
        mesh="horse_harness_roman_b_new"
        weight="10"
        appearance="0.5"
        Type="HorseHarness"
        is_merchandise="false">
    <ItemComponent>
      <Armor body_armor="5"
	         head_armor="20"
			 arm_armor="5"
	         leg_armor="5"
             mane_cover_type="all"
             maneuver_bonus="0"
             speed_bonus="0"
             reins_mesh="horse_harness_roman_b_new_rein"
             charge_bonus="0"
             family_type="1"
             modifier_group="chain"
             material_type="Chainmail" />
    </ItemComponent>
    <Flags Civilian="true" />
  </Item>
  <Item id="celtic_frost"
        name="{=XkwOTdVQ}Celtic Frost"
        mesh="horse_harness_saxon_new"
        weight="10"
        appearance="0.5"
        Type="HorseHarness"
		is_merchandise="false">
    <ItemComponent>
      <Armor body_armor="5"
	         head_armor="15"
			 arm_armor="5"
	         leg_armor="10"
             mane_cover_type="all"
             maneuver_bonus="0"
             speed_bonus="0"
             reins_mesh="horse_harness_saxon_new_rein"
             charge_bonus="0"
             family_type="1"
             modifier_group="chain"
             material_type="Chainmail" />
    </ItemComponent>
    <Flags Civilian="true" />
  </Item>
  <Item id="saddle_of_aeneas"
        name="{=k3dvbLDi}Saddle of Aeneas"
        mesh="horse_harness_a_new"
        weight="10"
        appearance="0.5"
        Type="HorseHarness"
		is_merchandise="false">
    <ItemComponent>
      <Armor body_armor="5"
	         head_armor="5"
			 arm_armor="5"
	         leg_armor="5"
             mane_cover_type="all"
             maneuver_bonus="0"
             speed_bonus="0"
             reins_mesh="horse_harness_a_new_rein"
             charge_bonus="0"
             family_type="1"
             modifier_group="chain"
             material_type="Chainmail" />
    </ItemComponent>
    <Flags Civilian="true" />
  </Item>
</Items>