<?xml version="1.0" encoding="utf-8"?>
<ItemModifierGroups>
	<ItemModifierGroup id="sword">
		<ItemModifier id="masterwork_sword" probability="5"/>
		<ItemModifier id="hardened_sword" probability="10"/>
		<ItemModifier id="balanced_sword" probability="15"/>
		<ItemModifier id="heavy_sword" probability="25"/>
		<ItemModifier id="rusty_sword" probability="25"/>
		<ItemModifier id="bent_sword" probability="20"/>
		<ItemModifier id="no_modifier" probability="25"/>
	</ItemModifierGroup>
  	<ItemModifierGroup id="two_handed">
		<ItemModifier id="masterwork_sword" probability="5"/>
		<ItemModifier id="hardened_sword" probability="10"/>
		<ItemModifier id="balanced_sword" probability="15"/>
		<ItemModifier id="heavy_sword" probability="25"/>
		<ItemModifier id="rusty_sword" probability="25"/>
		<ItemModifier id="bent_sword" probability="20"/>
		<ItemModifier id="no_modifier" probability="25"/>
	</ItemModifierGroup>
	<ItemModifierGroup id="bow">
		<ItemModifier id="masterwork_bow" probability="5"/>
		<ItemModifier id="balanced_bow" probability="10"/>
		<ItemModifier id="heavy_bow" probability="15"/>
		<ItemModifier id="splintered_bow" probability="20"/>
		<ItemModifier id="cracked_bow" probability="20"/>
		<ItemModifier id="no_modifier" probability="20"/>
	</ItemModifierGroup>
	<ItemModifierGroup id="crossbow">
		<ItemModifier id="masterwork_crossbow" probability="5"/>
		<ItemModifier id="tuned_crossbow" probability="10"/>
		<ItemModifier id="bent_crossbow" probability="15"/>
		<ItemModifier id="no_modifier" probability="15"/>
	</ItemModifierGroup>
	<ItemModifierGroup id="arrow">
		<ItemModifier id="balanced_arrows" probability="4"/>
		<ItemModifier id="large_bag_arrows" probability="10"/>
		<ItemModifier id="splintered_arrows" probability="15"/>
		<ItemModifier id="bent_arrows" probability="20"/>
		<ItemModifier id="no_modifier" probability="20"/>
	</ItemModifierGroup>
	<ItemModifierGroup id="bolt">
		<ItemModifier id="balanced_bolts" probability="10"/>
		<ItemModifier id="large_bag_bolts" probability="20"/>
		<ItemModifier id="splintered_bolts" probability="35"/>
		<ItemModifier id="no_modifier" probability="35"/>
	</ItemModifierGroup>
	<ItemModifierGroup id="cheap_weapon">
		<ItemModifier id="fine_cheap" probability="8"/>
		<ItemModifier id="well_crafted_cheap" probability="10"/>
		<ItemModifier id="splintered_cheap" probability="15"/>
		<ItemModifier id="cracked_cheap" probability="20"/>
		<ItemModifier id="bent_cheap" probability="15"/>
		<ItemModifier id="rotten_cheap" probability="10"/>
		<ItemModifier id="no_modifier" probability="20"/>
	</ItemModifierGroup>
	<ItemModifierGroup id="polearm">
		<ItemModifier id="balanced_polearm" probability="8"/>
		<ItemModifier id="hardened_polearm" probability="15"/>
		<ItemModifier id="heavy_polearm" probability="15"/>
		<ItemModifier id="bent_polearm" probability="20"/>
		<ItemModifier id="splintered_polearm" probability="15"/>
		<ItemModifier id="cracked_polearm" probability="15"/>
		<ItemModifier id="no_modifier" probability="20"/>
	</ItemModifierGroup>
	<ItemModifierGroup id="mace">
		<ItemModifier id="masterwork_maceHQ" probability="5"/>
		<ItemModifier id="balanced_maceHQ" probability="10"/>
		<ItemModifier id="hardened_maceHQ" probability="15"/>
		<ItemModifier id="heavy_maceHQ" probability="20"/>
		<ItemModifier id="rusty_maceHQ" probability="15"/>
		<ItemModifier id="bent_maceHQ" probability="15"/>
		<ItemModifier id="no_modifier" probability="20"/>
	</ItemModifierGroup>
	<ItemModifierGroup id="axe">
		<ItemModifier id="quality_axe1H" probability="5"/>
		<ItemModifier id="heavy_axe1H" probability="10"/>
		<ItemModifier id="dented_axe1H" probability="15"/>
		<ItemModifier id="chipped_axe1H" probability="20"/>
		<ItemModifier id="rusty_axe1H" probability="15"/>
		<ItemModifier id="no_modifier" probability="20"/>
	</ItemModifierGroup>
	<ItemModifierGroup id="axe_throwing">
		<ItemModifier id="large_bag_axe_throwing" probability="4"/>
		<ItemModifier id="balanced_axe_throwing" probability="20"/>
		<ItemModifier id="bent_axe_throwing" probability="30"/>
		<ItemModifier id="no_modifier" probability="20"/>
	</ItemModifierGroup>
	<ItemModifierGroup id="knife_throwing">
		<ItemModifier id="balanced_knife_throwing" probability="4"/>
		<ItemModifier id="large_bag_knife_throwing" probability="8"/>
		<ItemModifier id="heavy_knife_throwing" probability="8"/>
		<ItemModifier id="light_knife_throwing" probability="12"/>
		<ItemModifier id="bent_knife_throwing" probability="8"/>
		<ItemModifier id="no_modifier" probability="60"/>
	</ItemModifierGroup>
	<ItemModifierGroup id="spear_dart_throwing">
		<ItemModifier id="balanced_spear_dart_throwing" probability="4"/>
		<ItemModifier id="large_bag_spear_dart_throwing" probability="8"/>
		<ItemModifier id="splintered_spear_dart_throwing" probability="12"/>
		<ItemModifier id="bent_spear_dart_throwing" probability="8"/>
		<ItemModifier id="cracked_spear_dart_throwing" probability="8"/>
		<ItemModifier id="no_modifier" probability="60"/>
	</ItemModifierGroup>
	<ItemModifierGroup id="shield_metal">
		<ItemModifier id="lordly_shield_metal" probability="4"/>
		<ItemModifier id="weighted_shield_metal" probability="8"/>
		<ItemModifier id="hardened_shield_metal" probability="8"/>
		<ItemModifier id="crude_shield_metal" probability="12"/>
		<ItemModifier id="dented_shield_metal" probability="8"/>
		<ItemModifier id="rusty_shield_metal" probability="8"/>
		<ItemModifier id="cracked_shield_metal" probability="8"/>
		<ItemModifier id="no_modifier" probability="44"/>
	</ItemModifierGroup>
	<ItemModifierGroup id="shield_wood">
		<ItemModifier id="lordly_shield_wood" probability="4"/>
		<ItemModifier id="reinforced_shield_wood" probability="8"/>
		<ItemModifier id="thick_shield_wood" probability="8"/>
		<ItemModifier id="splintered_shield_wood" probability="12"/>
		<ItemModifier id="battered_shield_wood" probability="8"/>
		<ItemModifier id="cracked_shield_wood" probability="8"/>
		<ItemModifier id="no_modifier" probability="52"/>
	</ItemModifierGroup>
	<ItemModifierGroup id="plate">
		<ItemModifier id="lordly_plate" probability="4"/>
		<ItemModifier id="fine_plate" probability="8"/>
		<ItemModifier id="thick_plate" probability="16"/>
		<ItemModifier id="dented_plate" probability="16"/>
		<ItemModifier id="rusty_plate" probability="24"/>
		<ItemModifier id="cracked_plate" probability="16"/>
		<ItemModifier id="no_modifier" probability="16"/>
	</ItemModifierGroup>
	<ItemModifierGroup id="chain">
		<ItemModifier id="fine_chain" probability="4"/>
		<ItemModifier id="heavy_chain" probability="8"/>
		<ItemModifier id="crude_chain" probability="16"/>
		<ItemModifier id="battered_chain" probability="16"/>
		<ItemModifier id="loose_chain" probability="24"/>
		<ItemModifier id="rusty_chain" probability="16"/>
		<ItemModifier id="no_modifier" probability="16"/>
	</ItemModifierGroup>
	<ItemModifierGroup id="leather">
		<ItemModifier id="flexible_leather" probability="4"/>
		<ItemModifier id="hardened_leather" probability="8"/>
		<ItemModifier id="thick_leather" probability="16"/>
		<ItemModifier id="frayed_leather" probability="16"/>
		<ItemModifier id="battered_leather" probability="24"/>
		<ItemModifier id="worn_leather" probability="16"/>
		<ItemModifier id="no_modifier" probability="16"/>
	</ItemModifierGroup>
	<ItemModifierGroup id="cloth">
		<ItemModifier id="thick_cloth" probability="4"/>
		<ItemModifier id="tough_cloth" probability="8"/>
		<ItemModifier id="starched_cloth" probability="16"/>
		<ItemModifier id="frayed_cloth" probability="16"/>
		<ItemModifier id="ripped_cloth" probability="24"/>
		<ItemModifier id="tattered_cloth" probability="16"/>
		<ItemModifier id="no_modifier" probability="16"/>
	</ItemModifierGroup>
	<ItemModifierGroup id="cloth_unarmoured">
		<ItemModifier id="fine_cloth_unarmoured" probability="4"/>
		<ItemModifier id="tailored_cloth_unarmoured" probability="10"/>
		<ItemModifier id="stained_cloth_unarmoured" probability="16"/>
		<ItemModifier id="frayed_cloth_unarmoured" probability="20"/>
		<ItemModifier id="torn_cloth_unarmoured" probability="30"/>
		<ItemModifier id="tattered_cloth_unarmoured" probability="20"/>
		<ItemModifier id="no_modifier" probability="0"/>
	</ItemModifierGroup>
	<ItemModifierGroup id="horse">
		<ItemModifier id="lame_horse" probability="25"/>
		<ItemModifier id="no_modifier" probability="75"/>
	</ItemModifierGroup>
</ItemModifierGroups>