<?xml version="1.0" encoding="UTF-8" standalone="yes"?>
<Items>
	<Item id="a_battania_cloak_a" name="{=!}Short Battanian Cloak" mesh="battania_cloak_a" culture="Culture.battania" weight="0.5" appearance="1.2" Type="Cape">
		<ItemComponent>
			<Armor body_armor="6" modifier_group="cloth_unarmoured" material_type="Cloth"/>
		</ItemComponent>
		<Flags Civilian="true"/>
	</Item>
	<Item id="battania_civil_cloak" name="{=0Pxq8UqX}Highland Cloak" mesh="battania_civil_cloak" culture="Culture.battania" weight="4" appearance="1.5" Type="Cape" subtype="body_armor" difficulty="0">
		<ItemComponent>
			<Armor body_armor="6" modifier_group="cloth_unarmoured" material_type="Cloth"/>
		</ItemComponent>
		<Flags UseTeamColor="true"/>
	</Item>
	<Item id="battania_cloak" name="{=0Pxq8UqX}Highland Cloak" mesh="battania_cloak" culture="Culture.battania" weight="0.5" appearance="1.2" Type="Cape">
		<ItemComponent>
			<Armor body_armor="6" modifier_group="cloth_unarmoured" material_type="Cloth"/>
		</ItemComponent>
		<Flags Civilian="true"/>
	</Item>
	<Item id="female_hood" name="{=gGhrQa29}Woman's Hood" mesh="female_peasant_cape_a" culture="Culture.sturgia" weight="0.5" appearance="1" Type="Cape">
		<ItemComponent>
			<Armor body_armor="6" modifier_group="cloth_unarmoured" material_type="Cloth"/>
		</ItemComponent>
		<Flags Civilian="true" UseTeamColor="true"/>
	</Item>
	<Item id="scarf" name="{=GNdVXMue}Scarf" mesh="sturgia_cape_a" culture="Culture.sturgia" weight="0.5" appearance="1" Type="Cape" subtype="body_armor" difficulty="0">
		<ItemComponent>
			<Armor body_armor="6" modifier_group="cloth_unarmoured" material_type="Cloth"/>
		</ItemComponent>
		<Flags Civilian="true" UseTeamColor="true"/>
	</Item>
	<Item id="southern_shawl" name="{=rTuNnhWI}Southern Shawl" mesh="aserai_female_costume_cloak" culture="Culture.aserai" weight="0.4" appearance="1" Type="Cape">
		<ItemComponent>
			<Armor body_armor="6" modifier_group="cloth_unarmoured" material_type="Cloth"/>
		</ItemComponent>
		<Flags Civilian="true" UseTeamColor="true"/>
	</Item>
	<Item id="wrapped_scarf" name="{=qSn0JTfa}Southern Wrapped Scarf" mesh="aserai_shoulder_a" culture="Culture.aserai" weight="0.5" appearance="1" Type="Cape" subtype="body_armor" difficulty="0">
		<ItemComponent>
			<Armor body_armor="6" modifier_group="cloth_unarmoured" material_type="Cloth"/>
		</ItemComponent>
		<Flags Civilian="true" UseTeamColor="true"/>
	</Item>
	<Item id="battania_civil_cape" name="{=Vdi0vZV7}Highland Cape" mesh="battania_civil_cape" culture="Culture.battania" weight="1.5" appearance="1.5" Type="Cape" subtype="body_armor" difficulty="0">
		<ItemComponent>
			<Armor body_armor="7" modifier_group="cloth_unarmoured" material_type="Cloth"/>
		</ItemComponent>
		<Flags/>
	</Item>
	<Item id="green_hood" name="{=UvOa4elc}Green Hood" mesh="shoulder_cape_a" culture="Culture.vlandia" weight="0.5" appearance="1" Type="Cape" difficulty="0">
		<ItemComponent>
			<Armor body_armor="7" modifier_group="cloth_unarmoured" material_type="Cloth"/>
		</ItemComponent>
		<Flags Civilian="true"/>
	</Item>
	<Item id="a_brass_lamellar_shoulder_a" name="{=!}Small Brass Lamellar Shoulders" mesh="brass_lamellar_shoulder_a" culture="Culture.khuzait" weight="1" appearance="2" Type="Cape">
		<ItemComponent>
			<Armor body_armor="8" modifier_group="plate" material_type="Plate" arm_armor="0"/>
		</ItemComponent>
		<Flags/>
	</Item>
	<Item id="female_scarf" name="{=PhodGU5y}Woman's Scarf" mesh="female_peasant_cape_b" culture="Culture.sturgia" weight="0.6" appearance="1" Type="Cape">
		<ItemComponent>
			<Armor body_armor="8" modifier_group="cloth_unarmoured" material_type="Cloth"/>
		</ItemComponent>
		<Flags Civilian="true" UseTeamColor="true"/>
	</Item>
	<Item id="desert_fabric_shoulderpad" name="{=FyXM8Iob}Desert Fabric Shoulderpad" mesh="aserai_bigchain_shoulder_fabric" culture="Culture.aserai" weight="1.8" appearance="1" Type="Cape">
		<ItemComponent>
			<Armor body_armor="9" modifier_group="cloth_unarmoured" material_type="Cloth"/>
		</ItemComponent>
		<Flags Civilian="true" UseTeamColor="true"/>
	</Item>
	<Item id="hood" name="{=GazIGIJG}Western Hood" mesh="shoulder_cape_multicolor" culture="Culture.vlandia" weight="0.4" appearance="1" Type="Cape" subtype="body_armor" difficulty="0">
		<ItemComponent>
			<Armor body_armor="9" modifier_group="cloth_unarmoured" material_type="Cloth"/>
		</ItemComponent>
		<Flags Civilian="true" UseTeamColor="true"/>
	</Item>
	<Item id="a_brass_lamellar_shoulder_white_a" name="{=!}Small Northern Lamellar Shoulders" mesh="brass_lamellar_shoulder_white_a" culture="Culture.sturgia" weight="1" appearance="2" Type="Cape">
		<ItemComponent>
			<Armor body_armor="10" modifier_group="plate" material_type="Plate" arm_armor="0"/>
		</ItemComponent>
		<Flags/>
	</Item>
	<Item id="a_aserai_scale_b_shoulder_d" name="{=SIdCIRfG}Brass Scale Pauldrons" mesh="aserai_scale_b_shoulder_d" culture="Culture.aserai" weight="2.2" appearance="3" Type="Cape">
		<ItemComponent>
			<Armor body_armor="12" modifier_group="plate" material_type="Plate" arm_armor="0"/>
		</ItemComponent>
		<Flags/>
	</Item>
	<Item id="a_empire_plated_shoulder_a" name="{=!}Imperial Studded Strip Shoulders" mesh="empire_plated_shoulder_a" culture="Culture.empire" weight="4.1" appearance="1" Type="Cape">
		<ItemComponent>
			<Armor body_armor="12" modifier_group="leather" material_type="Leather" arm_armor="0"/>
		</ItemComponent>
		<Flags/>
	</Item>
	<Item id="battanian_leather_shoulder_a" name="{=*}Highland Cured Leather Shoulders" mesh="battanian_leather_shoulder_a" culture="Culture.battania" weight="1.2" appearance="1.8" Type="Cape" subtype="body_armor" difficulty="0">
		<ItemComponent>
			<Armor body_armor="12" modifier_group="leather" material_type="Leather"/>
		</ItemComponent>
		<Flags/>
	</Item>
	<Item id="empire_cape_a" name="{=*}Heavy Cloak" mesh="empire_cape_a" culture="Culture.neutral_culture" weight="0.5" appearance="3" Type="Cape" subtype="body_armor" difficulty="0">
		<ItemComponent>
			<Armor body_armor="12" modifier_group="cloth_unarmoured" material_type="Cloth"/>
		</ItemComponent>
		<Flags Civilian="true" UseTeamColor="true"/>
	</Item>
	<Item id="desert_leather_shoulderpad" name="{=gfvG04SP}Desert Leather Shoulderpad" mesh="aserai_bigchain_shoulder" culture="Culture.aserai" weight="1.8" appearance="1" Type="Cape">
		<ItemComponent>
			<Armor body_armor="13" modifier_group="leather" material_type="Leather"/>
		</ItemComponent>
		<Flags/>
	</Item>
	<Item id="leopard_pelt" name="{=QxzcuhmA}Leopard Pelt" mesh="leopard_pelt" culture="Culture.aserai" weight="2" appearance="4" Type="Cape">
		<ItemComponent>
			<Armor body_armor="13" modifier_group="leather" material_type="Leather"/>
		</ItemComponent>
		<Flags Civilian="true"/>
	</Item>
	<Item id="reinforced_suede_shoulders" name="{=y9uMjAKT}Reinforced Suede Shoulders" mesh="khuzait_suede_leather_shoulder" culture="Culture.khuzait" weight="0.9" appearance="1" Type="Cape" subtype="body_armor" difficulty="0">
		<ItemComponent>
			<Armor body_armor="13" modifier_group="leather" material_type="Leather"/>
		</ItemComponent>
		<Flags/>
	</Item>
	<Item id="battania_scarf_a" name="{=Ur3Q4U5x}Heavy Tartan Cape" mesh="battania_scarf_a" culture="Culture.battania" weight="0.55" appearance="1.5" Type="Cape" subtype="body_armor" difficulty="0">
		<ItemComponent>
			<Armor body_armor="13" modifier_group="cloth_unarmoured" material_type="Cloth"/>
		</ItemComponent>
		<Flags Civilian="true"/>
	</Item>
	<Item id="a_khuzait_leather_shoulder_b_b" name="{=!}Studded Leather Neckguard" mesh="khuzait_leather_shoulder_b_b" culture="Culture.khuzait" weight="2.3" appearance="1" Type="Cape">
		<ItemComponent>
			<Armor body_armor="14" modifier_group="leather" material_type="Leather" arm_armor="0"/>
		</ItemComponent>
		<Flags/>
	</Item>
	<Item id="battania_cloak_b" name="{=P4qzEu8D}Reinforced Neck Guard" mesh="battania_cloak_b" culture="Culture.battania" weight="3.2" appearance="1.5" Type="Cape" subtype="body_armor" difficulty="0">
		<ItemComponent>
			<Armor body_armor="14" modifier_group="cloth" material_type="Cloth"/>
		</ItemComponent>
		<Flags/>
	</Item>
	<Item id="battania_shoulder_strap" name="{=nBU3EXp6}Highland Shoulder Straps" mesh="battania_shoulder_strap" culture="Culture.battania" weight="1" appearance="1" Type="Cape">
		<ItemComponent>
			<Armor body_armor="14" modifier_group="leather" material_type="Leather"/>
		</ItemComponent>
		<Flags/>
	</Item>
	<Item id="bolted_leather_strips" name="{=qGzZ78bM}Bolted Leather Strips" mesh="bandit_11_shoulders" culture="Culture.khuzait" weight="0.5" appearance="1" Type="Cape">
		<ItemComponent>
			<Armor body_armor="14" modifier_group="leather" material_type="Leather"/>
		</ItemComponent>
		<Flags/>
	</Item>
	<Item id="stitched_leather_shoulders" name="{=WrwO8xsN}Stitched Leather Shoulders" mesh="aserai_plated_shoulder" culture="Culture.sturgia" weight="1.5" appearance="1" Type="Cape">
		<ItemComponent>
			<Armor body_armor="14" modifier_group="leather" material_type="Leather"/>
		</ItemComponent>
		<Flags/>
	</Item>
	<Item id="a_aserai_scale_b_shoulder_b" name="{=U0zBG3F9}Scale Pauldrons" mesh="aserai_scale_b_shoulder_b" culture="Culture.aserai" weight="2" appearance="3" Type="Cape">
		<ItemComponent>
			<Armor body_armor="15" modifier_group="plate" material_type="Plate" arm_armor="0"/>
		</ItemComponent>
		<Flags/>
	</Item>
	<Item id="a_khuzait_leather_shoulder_b_a" name="{=!}Studded Leather Pauldrons" mesh="khuzait_leather_shoulder_b_a" culture="Culture.khuzait" weight="2.3" appearance="1" Type="Cape">
		<ItemComponent>
			<Armor body_armor="15" modifier_group="leather" material_type="Leather" arm_armor="0"/>
		</ItemComponent>
		<Flags/>
	</Item>
	<Item id="a_pauldron_cape_c" name="{=!}Bronze Pauldrons" mesh="pauldron_cape_c" culture="Culture.empire" weight="3.5" appearance="4" Type="Cape">
		<ItemComponent>
			<Armor body_armor="15" modifier_group="plate" material_type="Plate" arm_armor="0"/>
		</ItemComponent>
		<Flags Civilian="true" UseTeamColor="true"/>
	</Item>
	<Item id="aserai_horseman_shoulder" name="{=ubplQTXa}Southern Ringmail Shoulder" mesh="aserai_horseman_shoulder" culture="Culture.aserai" weight="2.5" appearance="1" Type="Cape" subtype="body_armor" difficulty="0">
		<ItemComponent>
			<Armor body_armor="15" modifier_group="leather" material_type="Leather"/>
		</ItemComponent>
		<Flags/>
	</Item>
	<Item id="battania_shoulder_furr" name="{=HkiLq2ry}Highland Shoulder Fur" mesh="battania_shoulder_furr" culture="Culture.battania" weight="1.6" appearance="1.5" Type="Cape">
		<ItemComponent>
			<Armor body_armor="15" modifier_group="leather" material_type="Leather"/>
		</ItemComponent>
		<Flags Civilian="true"/>
	</Item>
	<Item id="battania_woodland_cloak" name="{=K4JtuMzP}Battania Woodland Cloak" mesh="battania_woodland_cloak" culture="Culture.battania" weight="1.4" appearance="1.5" Type="Cape" subtype="body_armor" difficulty="0">
		<ItemComponent>
			<Armor body_armor="15" modifier_group="leather" material_type="Leather" arm_armor="0"/>
		</ItemComponent>
		<Flags/>
	</Item>
	<Item id="battania_shoulder_strap_cloak" name="{=h7VQk4jd}Highland Cloak with Shoulder Straps" mesh="battania_shoulder_strap_cloak" culture="Culture.battania" weight="1.3" appearance="1.5" Type="Cape">
		<ItemComponent>
			<Armor body_armor="16" modifier_group="leather" material_type="Leather"/>
		</ItemComponent>
		<Flags Civilian="true"/>
	</Item>
	<Item id="woven_leather_shoulders" name="{=c7UNJSNi}Woven Leather Shoulders" mesh="vlandia_leather_stripes_shoulders" culture="Culture.empire" weight="1.6" appearance="1" Type="Cape">
		<ItemComponent>
			<Armor body_armor="16" modifier_group="leather" material_type="Leather" arm_armor="0"/>
		</ItemComponent>
		<Flags/>
	</Item>
	<Item id="aserai_scale_shoulder_d" name="{=*}Decorated Bronze Scale Pauldrons" mesh="aserai_scale_shoulder_d" culture="Culture.aserai" weight="2.4" appearance="7" Type="Cape">
		<ItemComponent>
			<Armor body_armor="16" modifier_group="plate" material_type="Plate"/>
		</ItemComponent>
		<Flags Civilian="true"/>
	</Item>
	<Item id="empire_plate_armor_shoulder_a" name="{=!}Imperial Brass Plate Pauldron" mesh="empire_plate_armor_shoulder_a" culture="Culture.empire" weight="3.6" appearance="2" Type="Cape">
		<ItemComponent>
			<Armor body_armor="17" modifier_group="plate" material_type="Plate" arm_armor="0"/>
		</ItemComponent>
		<Flags/>
	</Item>
	<Item id="a_leather_lamellar_armor_shoulder_a" name="{=!}Leather Lamellar Pauldrons" mesh="leather_lamellar_armor_shoulder_a" culture="Culture.khuzait" weight="2.3" appearance="1.6" Type="Cape">
		<ItemComponent>
			<Armor body_armor="18" modifier_group="leather" material_type="Leather" arm_armor="0"/>
		</ItemComponent>
		<Flags/>
	</Item>
	<Item id="varangian_bra_basic" name="{=*}Decorated Leather Harness" mesh="varangian_bra_basic" culture="Culture.empire" weight="2.5" appearance="4" Type="Cape">
		<ItemComponent>
			<Armor body_armor="18" modifier_group="leather" material_type="Leather"/>
		</ItemComponent>
		<Flags Civilian="true"/>
	</Item>
	<Item id="a_brass_lamellar_shoulder_b" name="{=!}Brass Lamellar Shoulders" mesh="brass_lamellar_shoulder_b" culture="Culture.khuzait" weight="5" appearance="2" Type="Cape">
		<ItemComponent>
			<Armor body_armor="20" modifier_group="plate" material_type="Plate" arm_armor="0"/>
		</ItemComponent>
		<Flags/>
	</Item>
	<Item id="a_pauldron_cape_b" name="{=!}Imperial Bronze Pauldrons with neckguard" mesh="pauldron_cape_b" culture="Culture.empire" weight="3.5" appearance="4" Type="Cape">
		<ItemComponent>
			<Armor body_armor="20" modifier_group="plate" material_type="Plate" arm_armor="0"/>
		</ItemComponent>
		<Flags UseTeamColor="true"/>
	</Item>
	<Item id="chainmail_shoulder_armor" name="{=*}Reinforced Mail Shoulders" mesh="chainmail_shoulder_armor" culture="Culture.vlandia" weight="1.4" appearance="1" Type="Cape">
		<ItemComponent>
			<Armor body_armor="20" modifier_group="chain" material_type="Chainmail"/>
		</ItemComponent>
		<Flags/>
	</Item>
	<Item id="empire_plate_armor_shoulder_b" name="{=!}Imperial Plate Pauldron" mesh="empire_plate_armor_shoulder_b" culture="Culture.empire" weight="3.6" appearance="2" Type="Cape">
		<ItemComponent>
			<Armor body_armor="21" modifier_group="plate" material_type="Plate" arm_armor="0"/>
		</ItemComponent>
		<Flags/>
	</Item>
	<Item id="steppe_leather_shoulders" name="{=NZLTEI9c}Eastern Leather Shoulders" mesh="khuzait_leather_armor_shoulder" culture="Culture.khuzait" weight="0.7" appearance="1" Type="Cape" subtype="body_armor" difficulty="0">
		<ItemComponent>
			<Armor body_armor="21" modifier_group="leather" material_type="Leather" arm_armor="0"/>
		</ItemComponent>
		<Flags/>
	</Item>
	<Item id="a_empire_plated_shoulder_b" name="{=!}Imperial Lamellar Pauldrons" mesh="empire_plated_shoulder_b" culture="Culture.empire" weight="4.1" appearance="1" Type="Cape">
		<ItemComponent>
			<Armor body_armor="22" modifier_group="plate" material_type="Plate" arm_armor="0"/>
		</ItemComponent>
		<Flags/>
	</Item>
	<Item id="battania_cloak_furr" name="{=vSu1fLNl}Highland Furred Cloak" mesh="battania_cloak_furr" culture="Culture.battania" weight="1.5" appearance="3" Type="Cape">
		<ItemComponent>
			<Armor body_armor="22" modifier_group="leather" material_type="Leather" arm_armor="0"/>
		</ItemComponent>
		<Flags Civilian="true"/>
	</Item>
	<Item id="khuzait_leather_pauldron" name="{=wZ3nKO6j}Eastern Leather Pauldrons" mesh="khuzait_leather_pauldron" culture="Culture.khuzait" weight="1.5" appearance="1" Type="Cape">
		<ItemComponent>
			<Armor body_armor="22" modifier_group="leather" material_type="Leather" arm_armor="0"/>
		</ItemComponent>
		<Flags/>
	</Item>
	<Item id="padded_leather_shoulders" name="{=Bl72Ribb}Padded Leather Shoulders" mesh="shoulder_padding" culture="Culture.vlandia" weight="1.4" appearance="1" Type="Cape">
		<ItemComponent>
			<Armor body_armor="22" modifier_group="cloth" material_type="Cloth" arm_armor="0"/>
		</ItemComponent>
		<Flags/>
	</Item>
	<Item id="wolf_shoulder" name="{=YEUFtX4G}Wolf Shoulder" mesh="wolf_shoulder" culture="Culture.battania" weight="1.8" appearance="2" Type="Cape" subtype="body_armor" difficulty="0">
		<ItemComponent>
			<Armor body_armor="22" modifier_group="leather" material_type="Leather" arm_armor="0"/>
		</ItemComponent>
		<Flags Civilian="true"/>
	</Item>
	<Item id="varangian_bra_royal" name="{=*}Caped Leather Harness" mesh="varangian_bra_royal" culture="Culture.empire" weight="2.7" appearance="7" Type="Cape">
		<ItemComponent>
			<Armor body_armor="22" modifier_group="leather" material_type="Leather"/>
		</ItemComponent>
		<Flags/>
	</Item>
	<Item id="a_aserai_scale_b_shoulder_c" name="{=OktZBAVC}Southern Brass Scale Shoulders" mesh="aserai_scale_b_shoulder_c" culture="Culture.aserai" weight="4.4" appearance="3" Type="Cape">
		<ItemComponent>
			<Armor body_armor="24" modifier_group="plate" material_type="Plate" arm_armor="0"/>
		</ItemComponent>
		<Flags/>
	</Item>
	<Item id="empire_warrior_padded_armor_shoulder" name="{=TDCn5dar}Imperial Padded Shoulders" mesh="empire_warrior_padded_armor_shoulder" culture="Culture.empire" weight="1.6" appearance="1" Type="Cape">
		<ItemComponent>
			<Armor body_armor="24" modifier_group="leather" material_type="Leather" arm_armor="0"/>
		</ItemComponent>
		<Flags/>
	</Item>
	<Item id="leather_lamellar_shoulders" name="{=tKODIU0F}Leather Lamellar Shoulders" mesh="leather_lamellar_armor_shoulder" culture="Culture.khuzait" weight="2.3" appearance="1.6" Type="Cape">
		<ItemComponent>
			<Armor body_armor="24" modifier_group="leather" material_type="Leather" arm_armor="0"/>
		</ItemComponent>
		<Flags/>
	</Item>
	<Item id="a_brass_lamellar_shoulder_white_b" name="{=!}Northern Lamellar Shoulders" mesh="brass_lamellar_shoulder_white_b" culture="Culture.sturgia" weight="5" appearance="2" Type="Cape">
		<ItemComponent>
			<Armor body_armor="25" modifier_group="plate" material_type="Plate" arm_armor="0"/>
		</ItemComponent>
		<Flags/>
	</Item>
	<Item id="a_metal_lamellar_armor_shoulder_a" name="{=!}Lamellar Pauldrons" mesh="metal_lamellar_armor_shoulder_a" culture="Culture.khuzait" weight="5" appearance="2" Type="Cape">
		<ItemComponent>
			<Armor body_armor="25" modifier_group="plate" material_type="Plate" arm_armor="0"/>
		</ItemComponent>
		<Flags/>
	</Item>
	<Item id="brass_scale_shoulders" name="{=KZmZ9HXW}Brass Scale Shoulders" mesh="sturgia_leather_brass_shoulder" culture="Culture.sturgia" weight="2.2" appearance="0.9" Type="Cape">
		<ItemComponent>
			<Armor body_armor="25" modifier_group="plate" material_type="Plate" arm_armor="0"/>
		</ItemComponent>
		<Flags/>
	</Item>
	<Item id="scale_shoulder_armor" name="{=*}Scale Shoulderguards" mesh="scale_shoulder_armor" culture="Culture.vlandia" weight="1.7" appearance="1" Type="Cape">
		<ItemComponent>
			<Armor body_armor="25" modifier_group="plate" material_type="Plate"/>
		</ItemComponent>
		<Flags/>
	</Item>
	<Item id="bearskin" name="{=s7WRzaf2}Bear Pelt" mesh="battania_helmet_h" culture="Culture.battania" weight="2.3" appearance="3" Type="Cape" subtype="body_armor" difficulty="0">
		<ItemComponent>
			<Armor body_armor="26" modifier_group="leather" material_type="Leather" arm_armor="0"/>
		</ItemComponent>
		<Flags Civilian="true"/>
	</Item>
	<Item id="rough_bearskin" name="{=KKWEkA4P}Rough Bearskin" mesh="cloak_fur_c" culture="Culture.battania" weight="2.3" appearance="3" Type="Cape">
		<ItemComponent>
			<Armor body_armor="26" modifier_group="leather" material_type="Leather" arm_armor="0"/>
		</ItemComponent>
		<Flags Civilian="true"/>
	</Item>
	<Item id="battanian_chainmail_shoulder_a" name="{=WdZTrPpG}Highland Mail Shoulders" mesh="battanian_chainmail_shoulder_a" culture="Culture.battania" weight="4.5" appearance="1.8" Type="Cape" subtype="body_armor" difficulty="0">
		<ItemComponent>
			<Armor body_armor="27" modifier_group="chain" material_type="Chainmail"/>
		</ItemComponent>
		<Flags/>
	</Item>
	<Item id="eastern_studded_shoulders" name="{=J1zcabv4}Eastern Studded Shoulders" mesh="khuzait_leather_shoulder_b" culture="Culture.khuzait" weight="2.3" appearance="1" Type="Cape">
		<ItemComponent>
			<Armor body_armor="27" modifier_group="leather" material_type="Leather" arm_armor="0"/>
		</ItemComponent>
		<Flags/>
	</Item>
	<Item id="varangian_bra_padded" name="{=*}Decorated Leather Harness with Padding" mesh="varangian_bra_padded" culture="Culture.empire" weight="3.2" appearance="3" Type="Cape">
		<ItemComponent>
			<Armor body_armor="27" modifier_group="leather" material_type="Leather"/>
		</ItemComponent>
		<Flags/>
	</Item>
	<Item id="aserai_scale_shoulder_c" name="{=*}Bronze Scale Pauldrons" mesh="aserai_scale_shoulder_c" culture="Culture.aserai" weight="1.9" appearance="6" Type="Cape">
		<ItemComponent>
			<Armor body_armor="27" modifier_group="plate" material_type="Plate"/>
		</ItemComponent>
		<Flags/>
	</Item>
	<Item id="a_aserai_scale_b_shoulder_a" name="{=82GMEKy8}Scale Shoulders" mesh="aserai_scale_b_shoulder_a" culture="Culture.aserai" weight="4" appearance="3" Type="Cape">
		<ItemComponent>
			<Armor body_armor="30" modifier_group="plate" material_type="Plate" arm_armor="0"/>
		</ItemComponent>
		<Flags/>
	</Item>
	<Item id="mail_shoulders" name="{=JkLoAelJ}Mail Shoulders" mesh="shoulder_chain_a" culture="Culture.sturgia" weight="2.7" appearance="1.6" Type="Cape" subtype="body_armor" difficulty="0">
		<ItemComponent>
			<Armor body_armor="30" modifier_group="chain" material_type="Chainmail" arm_armor="0"/>
		</ItemComponent>
		<Flags/>
	</Item>
	<Item id="pauldron_cape_a" name="{=MTDaLQOV}Imperial Long Cape" mesh="pauldron_cape_a" culture="Culture.empire" weight="3.5" appearance="4" Type="Cape">
		<ItemComponent>
			<Armor body_armor="30" modifier_group="plate" material_type="Plate" arm_armor="0"/>
		</ItemComponent>
		<Flags UseTeamColor="true"/>
	</Item>
	<Item id="studded_imperial_neckguard" name="{=g7iQsvPw}Studded Imperial Neckguard" mesh="empire_plate_armor_shoulder" culture="Culture.empire" weight="3.6" appearance="2" Type="Cape">
		<ItemComponent>
			<Armor body_armor="31" modifier_group="plate" material_type="Plate" arm_armor="0"/>
		</ItemComponent>
		<Flags/>
	</Item>
	<Item id="battanian_chainmail_shoulder_b" name="{=27IgGO81}Highland Mail Shoulder Reinforcements" mesh="battanian_chainmail_shoulder_b" culture="Culture.battania" weight="4.5" appearance="1.8" Type="Cape" subtype="body_armor" difficulty="0">
		<ItemComponent>
			<Armor body_armor="32" modifier_group="chain" material_type="Chainmail"/>
		</ItemComponent>
		<Flags/>
	</Item>
	<Item id="brass_lamellar_shoulder" name="{=bX3P9X7I}Large Brass Lamellar Shoulders" mesh="brass_lamellar_shoulder" culture="Culture.khuzait" weight="5" appearance="2" Type="Cape">
		<ItemComponent>
			<Armor body_armor="32" modifier_group="plate" material_type="Plate" arm_armor="0"/>
		</ItemComponent>
		<Flags/>
	</Item>
	<Item id="pauldron_with_cape" name="{=*}Pauldrons with Cape" mesh="pauldron_with_cape" culture="Culture.vlandia" weight="1.3" appearance="6" Type="Cape">
		<ItemComponent>
			<Armor body_armor="33" modifier_group="plate" material_type="Plate"/>
		</ItemComponent>
		<Flags UseTeamColor="true"/>
	</Item>
	<Item id="imperial_studded_strip_shoulders" name="{=8kUwD98O}Imperial Studded Strip Shoulders With Lamellar Pauldrons" mesh="empire_plated_shoulder" culture="Culture.empire" weight="4.1" appearance="1" Type="Cape">
		<ItemComponent>
			<Armor body_armor="34" modifier_group="plate" material_type="Plate" arm_armor="0"/>
		</ItemComponent>
		<Flags/>
	</Item>
	<Item id="varangian_bra_mail" name="{=*}Decorated Leather Harness over Mail" mesh="varangian_bra_mail" culture="Culture.empire" weight="13.2" appearance="4" Type="Cape">
		<ItemComponent>
			<Armor body_armor="35" modifier_group="chain" material_type="Chainmail"/>
		</ItemComponent>
		<Flags/>
	</Item>
	<Item id="a_aserai_scale_b_shoulder_e" name="{=6Ynb0K0f}Southern Reinforced Brass Scale Shoulders" mesh="aserai_scale_b_shoulder_e" culture="Culture.aserai" weight="6.8" appearance="3" Type="Cape">
		<ItemComponent>
			<Armor body_armor="36" modifier_group="plate" material_type="Plate" arm_armor="0"/>
		</ItemComponent>
		<Flags/>
	</Item>
	<Item id="aserai_scale_shoulder_a" name="{=*}Bronze Scale Shoulder Guards" mesh="aserai_scale_shoulder_a" culture="Culture.aserai" weight="1.8" appearance="5" Type="Cape">
		<ItemComponent>
			<Armor body_armor="37" modifier_group="plate" material_type="Plate"/>
		</ItemComponent>
		<Flags/>
	</Item>
	<Item id="aserai_scale_shoulder_e" name="{=*}Decorated Long Sleeve Bronze Scale Pauldrons" mesh="aserai_scale_shoulder_e" culture="Culture.aserai" weight="2.8" appearance="7" Type="Cape">
		<ItemComponent>
			<Armor body_armor="39" modifier_group="plate" material_type="Plate"/>
		</ItemComponent>
		<Flags/>
	</Item>
	<Item id="brass_lamellar_shoulder_white" name="{=28KBiS2H}Large Northern Lamellar Shoulders" mesh="brass_lamellar_shoulder_white" culture="Culture.sturgia" weight="5" appearance="2" Type="Cape">
		<ItemComponent>
			<Armor body_armor="40" modifier_group="plate" material_type="Plate" arm_armor="0"/>
		</ItemComponent>
		<Flags/>
	</Item>
	<Item id="lamellar_shoulders" name="{=Lt8nT1hb}Lamellar Shoulders" mesh="metal_lamellar_armor_shoulder" culture="Culture.khuzait" weight="5" appearance="2" Type="Cape">
		<ItemComponent>
			<Armor body_armor="40" modifier_group="plate" material_type="Plate" arm_armor="0"/>
		</ItemComponent>
		<Flags/>
	</Item>
	<Item id="varangian_bra_scale" name="{=*}Decorated Leather Harness over Scale" mesh="varangian_bra_scale" culture="Culture.empire" weight="14" appearance="6" Type="Cape">
		<ItemComponent>
			<Armor body_armor="40" modifier_group="plate" material_type="Plate"/>
		</ItemComponent>
		<Flags/>
	</Item>
	<Item id="aserai_scale_shoulder_b" name="{=*}Long Sleeved Bronze Scale Shoulder Guards" mesh="aserai_scale_shoulder_b" culture="Culture.aserai" weight="2.2" appearance="5" Type="Cape">
		<ItemComponent>
			<Armor body_armor="43" modifier_group="plate" material_type="Plate"/>
		</ItemComponent>
		<Flags/>
	</Item>
	<Item id="battania_warlord_pauldrons" name="{=Ldqb9oAF}Highland Warlord Pauldrons" mesh="battania_warlord_pauldrons" culture="Culture.battania" weight="4" appearance="3" Type="Cape" subtype="body_armor" difficulty="0">
		<ItemComponent>
			<Armor body_armor="45" modifier_group="plate" material_type="Plate" arm_armor="0"/>
		</ItemComponent>
		<Flags/>
	</Item>
	<Item id="desert_scale_shoulders" name="{=IbdUT6PA}Southern Reinforced Scale Shoulders" mesh="aserai_scale_b_shoulder" culture="Culture.aserai" weight="4.4" appearance="3" Type="Cape">
		<ItemComponent>
			<Armor body_armor="45" modifier_group="plate" material_type="Plate" arm_armor="0"/>
		</ItemComponent>
		<Flags/>
	</Item>
	<Item id="pauldron_over_scale_armor" name="{=*}Reinforced Ornate Pauldrons over Scale" mesh="pauldron_over_scale_armor" culture="Culture.vlandia" weight="3.4" appearance="7" Type="Cape">
		<ItemComponent>
			<Armor body_armor="50" modifier_group="plate" material_type="Plate"/>
		</ItemComponent>
		<Flags/>
	</Item>
	<Item id="imperial_lamellar_shoulders" name="{=Kj68cfhA}Imperial Laminar Shoulders" mesh="imperial_shoulders" culture="Culture.empire" weight="3.5" appearance="3" Type="Cape">
		<ItemComponent>
			<Armor body_armor="55" modifier_group="plate" material_type="Plate" arm_armor="0"/>
		</ItemComponent>
		<Flags/>
	</Item>
	<Item id="noble_pauldron" name="{=*}Ornate Pauldrons" mesh="noble_pauldron" culture="Culture.vlandia" weight="1.2" appearance="7" Type="Cape">
		<ItemComponent>
			<Armor body_armor="60" modifier_group="plate" material_type="Plate"/>
		</ItemComponent>
		<Flags/>
	</Item>
	<Item id="noble_pauldron_with_cape" name="{=*}Ornate Pauldrons with Cape" mesh="noble_pauldron_with_cape" culture="Culture.vlandia" weight="1.8" appearance="7" Type="Cape">
		<ItemComponent>
			<Armor body_armor="68" modifier_group="plate" material_type="Plate"/>
		</ItemComponent>
		<Flags/>
	</Item>
	<Item id="noble_pauldron_with_scarf" name="{=*}Reinforced Ornate Pauldrons" mesh="noble_pauldron_with_scarf" culture="Culture.vlandia" weight="3.2" appearance="7" Type="Cape">
		<ItemComponent>
			<Armor body_armor="88" modifier_group="plate" material_type="Plate"/>
		</ItemComponent>
		<Flags/>
	</Item>
</Items>