<?xml version="1.0" encoding="UTF-8" standalone="yes"?>
<Items>	
	  <Item multiplayer_item="false"
        id="ballista_projectile"
        name="{=6Db7aDbF}Ballista Arrows"
        body_name="bo_ballista_projectile_a"
        holster_body_name="bo_axe_short"
        mesh="ballista_projectile_a"
		flying_mesh="ballista_projectile_flying"
        holster_mesh="quiver"
        is_merchandise="false"
        subtype="arrows"
        weight="0.2"
        difficulty="0"
        appearance="1"
        Type="Arrows"
        item_holsters="">
    <ItemComponent>
      <Weapon weapon_class="Arrow"
              stack_amount="20"
              physics_material="ballista_missile"
              thrust_speed="0"
              speed_rating="0"
              missile_speed="80"
              weapon_length="95"
              thrust_damage="200"
              thrust_damage_type="Pierce"
              item_usage=""
              flying_sound_code="event:/mission/combat/missile/foley/passby"
              sticking_rotation="90,0,0"
              sticking_position="0,-1.2,0"
              center_of_mass="0,0,0">
        <WeaponFlags Consumable="true"
                     AmmoSticksWhenShot="true"
                     CanPenetrateShield="true"
                     MultiplePenetration="true" />
      </Weapon>
    </ItemComponent>
    <Flags CannotBePickedUp="true" />
  </Item>
  
  <Item multiplayer_item="false"
        id="ballista_projectile_burning"
        name="{=6Db7aDbF}Ballista Arrows"
        prefab="burning_ballista_projectile"
        body_name="bo_ballista_projectile_a"
        holster_body_name="bo_axe_short"
        mesh="ballista_projectile_b"
        flying_mesh="ballista_projectile_flying"
        holster_mesh="quiver"
        is_merchandise="false"
        subtype="arrows"
        weight="0.2"
        difficulty="0"
        appearance="1"
        Type="Arrows"
        item_holsters="">
    <ItemComponent>
      <Weapon weapon_class="Arrow"
              stack_amount="20"
              physics_material="burning_ballista"
              thrust_speed="0"
              speed_rating="0"
              missile_speed="80"
              weapon_length="95"
              thrust_damage="200"
              thrust_damage_type="Cut"
              item_usage=""
              flying_sound_code="event:/mission/combat/missile/foley/passby"
              trail_particle_name="psys_game_missile_flame"
              sticking_rotation="90,0,0"
              sticking_position="0,-1.2,0"
              center_of_mass="0,0,0">
        <WeaponFlags Consumable="true"
                     AmmoSticksWhenShot="true"
                     Burning="true"
                     CanPenetrateShield="true"
                     MultiplePenetration="true"
                     LeavesTrail="true" />
      </Weapon>
    </ItemComponent>
    <Flags CannotBePickedUp="true" />
  </Item>
  
  <Item multiplayer_item="false"
        id="boulder"
        name="{=pzfbPbWW}Boulder"
        is_merchandise="false"
        body_name="bo_projectile_rock"
        holster_body_name="bo_axe_short"
        mesh="projectile_rock"
        holster_mesh=""
        subtype="arrows"
        weight="17.88"
        difficulty="0"
        appearance="1"
        Type="Thrown"
        item_holsters="">
    <ItemComponent>
      <Weapon weapon_class="Boulder"
              ammo_class="Boulder"
              stack_amount="1"
              position="0.05, -0.15, 0"
              center_of_mass="0,0,0"
              physics_material="boulder_stone"
              thrust_speed="100"
              speed_rating="0"
              missile_speed="5"
              weapon_length="95"
              thrust_damage="33"
              thrust_damage_type="Blunt"
              item_usage="heavy_stone"
              flying_sound_code="event:/mission/combat/boulder/passby"
              rotation_speed="2, 0.5, 0">
        <WeaponFlags RangedWeapon="true"
                     Consumable="true"
                     NotUsableWithOneHand="true"
                     TwoHandIdleOnMount="true"
                     CanPenetrateShield="true"
                     CanKnockDown="true"
                     MissileWithPhysics="true"
                     UseHandAsThrowBase="true"
                     LeavesTrail="true"
                     AmmoCanBreakOnBounceBack="true"
                     AffectsArea="false" 
					 MultiplePenetration="true"/>
      </Weapon>
    </ItemComponent>
    <Flags QuickFadeOut="true"
           CannotBePickedUp="true"
           DropOnWeaponChange="true"
           DropOnAnyAction="true" />
  </Item>
  
  <Item multiplayer_item="false"
        id="pot"
        name="{=3Wzhxkn1}Fire Pot"
        is_merchandise="false"
        body_name="bo_projectile_rock"
        holster_body_name="bo_axe_short"
        flying_mesh="projectile_pot"
        mesh="projectile_pot"
        holster_mesh=""
        subtype="arrows"
        weight="15"
        difficulty="0"
        appearance="1"
        Type="Thrown"
        item_holsters="">
    <ItemComponent>
      <Weapon weapon_class="Boulder"
              ammo_class="Boulder"
              stack_amount="1"
              position="0.05, -0.15, 0"
              physics_material="burning_jar"
              thrust_speed="100"
              speed_rating="0"
              missile_speed="5"
              weapon_length="95"
              thrust_damage="33"
              thrust_damage_type="Blunt"
              item_usage="heavy_stone"
              flying_sound_code="event:/mission/combat/boulder/passby"
              trail_particle_name="psys_game_burning_jar_trail"
              rotation_speed="2, 0.5, 0">
        <WeaponFlags RangedWeapon="true"
                     NotUsableWithOneHand="true"
                     TwoHandIdleOnMount="true"
                     CanPenetrateShield="true"
                     MissileWithPhysics="true"
                     UseHandAsThrowBase="true"
                     Consumable="true"
                     LeavesTrail="true"
                     Burning="true"
                     AffectsAreaBig="true"
                     AmmoBreaksOnBounceBack="true" />
      </Weapon>
    </ItemComponent>
    <Flags QuickFadeOut="true"
           CannotBePickedUp="true"
           DropOnWeaponChange="true"
           DropOnAnyAction="true" />
  </Item>
  
  <Item multiplayer_item="false"
        id="grapeshot_stack"
        name="{=ZeU1fvdz}Grapeshot Stack"
        is_merchandise="false"
        body_name="bo_projectile_grapeshot_carry"
        holster_body_name="bo_axe_short"
        mesh="projectile_grapeshot_carry"
        holster_mesh=""
        subtype="arrows"
        weight="18"
        difficulty="0"
        appearance="1"
        Type="Thrown"
        item_holsters="">
    <ItemComponent>
      <Weapon weapon_class="Boulder"
              ammo_class="Boulder"
              stack_amount="1"
              position="0.05, -0.15, 0"
              center_of_mass="0,0,0"
              physics_material="boulder_stone"
              thrust_speed="100"
              speed_rating="0"
              missile_speed="5"
              weapon_length="95"
              thrust_damage="33"
              thrust_damage_type="Blunt"
              item_usage="heavy_stone"
              flying_sound_code="event:/mission/combat/boulder/passby"
              rotation_speed="2, 0.5, 0">
        <WeaponFlags RangedWeapon="true"
                     Consumable="true"
                     NotUsableWithOneHand="true"
                     TwoHandIdleOnMount="true"
                     CanPenetrateShield="true"
                     CanKnockDown="true"
                     MissileWithPhysics="true"
                     UseHandAsThrowBase="true"
                     LeavesTrail="true"
                     AmmoCanBreakOnBounceBack="true" />
      </Weapon>
    </ItemComponent>
    <Flags QuickFadeOut="true"
           CannotBePickedUp="true"
           DropOnWeaponChange="true"
           DropOnAnyAction="true" />
  </Item>
  
  <Item multiplayer_item="false"
        id="grapeshot_fire_stack"
        name="{=ZeU1fvdz}Grapeshot Stack"
        is_merchandise="false"
        body_name="bo_projectile_grapeshot_carry"
        holster_body_name="bo_axe_short"
        mesh="projectile_grapeshot_carry"
        holster_mesh=""
        subtype="arrows"
        weight="15"
        difficulty="0"
        appearance="1"
        Type="Thrown"
        item_holsters="">
    <ItemComponent>
      <Weapon weapon_class="Boulder"
              ammo_class="Boulder"
              stack_amount="1"
              position="0.05, -0.15, 0"
              center_of_mass="0,0,0"
              physics_material="boulder_stone"
              thrust_speed="100"
              speed_rating="0"
              missile_speed="5"
              weapon_length="95"
              thrust_damage="33"
              thrust_damage_type="Blunt"
              item_usage="heavy_stone"
              flying_sound_code="event:/mission/combat/boulder/passby"
              rotation_speed="2, 0.5, 0">
        <WeaponFlags RangedWeapon="true"
                     Consumable="true"
                     NotUsableWithOneHand="true"
                     TwoHandIdleOnMount="true"
                     CanPenetrateShield="true"
                     CanKnockDown="true"
                     MissileWithPhysics="true"
                     UseHandAsThrowBase="true"
                     LeavesTrail="true"
                     AmmoCanBreakOnBounceBack="true" />
      </Weapon>
    </ItemComponent>
    <Flags QuickFadeOut="true"
           CannotBePickedUp="true"
           DropOnWeaponChange="true"
           DropOnAnyAction="true" />
  </Item>
  
  <Item multiplayer_item="false"
        id="grapeshot_projectile"
        name="{=XGytILlt}Grapeshot Ammo"
        is_merchandise="false"
        body_name="bo_projectile_grapeshot_piece_a"
        holster_body_name="bo_axe_short"
        mesh="projectile_grapeshot_piece_a"
        holster_mesh=""
        subtype="arrows"
        weight="3.6"
        difficulty="0"
        appearance="1"
        Type="Thrown"
        item_holsters="">
    <ItemComponent>
      <Weapon weapon_class="Boulder"
              ammo_class="Boulder"
              stack_amount="1"
              position="0.05, -0.15, 0"
              center_of_mass="0,0,0"
              physics_material="boulder_stone"
              thrust_speed="100"
              speed_rating="0"
              missile_speed="8"
              weapon_length="95"
              thrust_damage="33"
              thrust_damage_type="Blunt"
              item_usage="heavy_stone"
              flying_sound_code="event:/mission/combat/boulder/passby"
              rotation_speed="2, 0.5, 0">
        <WeaponFlags RangedWeapon="true"
                     Consumable="true"
                     NotUsableWithOneHand="true"
                     TwoHandIdleOnMount="true"
                     CanPenetrateShield="true"
                     CanKnockDown="true"
                     MissileWithPhysics="true"
                     UseHandAsThrowBase="true"
                     LeavesTrail="true"
                     AmmoCanBreakOnBounceBack="true" />
      </Weapon>
    </ItemComponent>
    <Flags QuickFadeOut="true"
           CannotBePickedUp="true"
           DropOnWeaponChange="true"
           DropOnAnyAction="true" />
  </Item>
  
  <Item multiplayer_item="false"
        id="grapeshot_fire_projectile"
        name="{=XGytILlt}Grapeshot Ammo"
        is_merchandise="false"
        body_name="bo_projectile_grapeshot_piece_a"
        holster_body_name="bo_axe_short"
        mesh="projectile_grapeshot_piece_a"
        holster_mesh=""
        subtype="arrows"
        weight="3"
        difficulty="0"
        appearance="1"
        Type="Thrown"
        item_holsters="">
    <ItemComponent>
      <Weapon weapon_class="Boulder"
              ammo_class="Boulder"
              stack_amount="1"
              position="0.05, -0.15, 0"
              center_of_mass="0,0,0"
              physics_material="boulder_stone"
              thrust_speed="100"
              speed_rating="0"
              missile_speed="8"
              weapon_length="95"
              thrust_damage="33"
              thrust_damage_type="Blunt"
              item_usage="heavy_stone"
              flying_sound_code="event:/mission/combat/boulder/passby"
              trail_particle_name="mangonel_grapeshot_burning_projectile"
              rotation_speed="2, 0.5, 0">
        <WeaponFlags RangedWeapon="true"
                     Consumable="true"
                     NotUsableWithOneHand="true"
                     TwoHandIdleOnMount="true"
                     CanPenetrateShield="true"
                     CanKnockDown="true"
                     MissileWithPhysics="true"
                     UseHandAsThrowBase="true"
                     LeavesTrail="true"
                     Burning="true"
                     AffectsArea="true"
                     AmmoCanBreakOnBounceBack="true" />
      </Weapon>
    </ItemComponent>
    <Flags QuickFadeOut="true"
           CannotBePickedUp="true"
           DropOnWeaponChange="true"
           DropOnAnyAction="true" />
  </Item>
</Items>